<?xml version="1.0" encoding="UTF-8"?>
<Configuration packages="com.system.artworkspace.logger">
    <Appenders>

              <CustomAppender name="CustomAppender">
                  <CustomLayout/>
               </CustomAppender>

       <File name="LogToFile" fileName="logs/app.log">
          <PatternLayout>
                   <Pattern>%d %p %c{1.} [%t] %m%n</Pattern>
                  </PatternLayout>
            </File>

    </Appenders>

    <Loggers>
        <Root level="info">
             <AppenderRef ref="CustomAppender" />
            <AppenderRef ref="LogToFile" />
        </Root>
    </Loggers>
</Configuration>